Age Group,Month,Seasonally Adjusted Monthly Unemployment (Number)_Both sexes, _Male, _Female,Seasonally Adjusted Monthly Unemployment Rate (%)_Both sexes, _Male, _Female
15 - 24 years,1998M01,45.4,24.8,20.7,13.4,13.5,13.3
15 - 24 years,1998M02,44.6,24.5,20.1,13.3,13.5,13
15 - 24 years,1998M03,42.7,23.5,19.2,12.8,13,12.6
15 - 24 years,1998M04,39.2,21.3,17.9,12,12,11.9
15 - 24 years,1998M05,37,20.2,16.8,11.4,11.4,11.3
15 - 24 years,1998M06,35.8,19.9,15.9,11,11.2,10.8
15 - 24 years,1998M07,34.5,19.4,15.1,10.6,10.9,10.3
15 - 24 years,1998M08,33.8,19.1,14.7,10.4,10.7,10
15 - 24 years,1998M09,34.1,19.1,14.9,10.4,10.6,10.1
15 - 24 years,1998M10,33.6,18.6,15,10.2,10.3,10.2
15 - 24 years,1998M11,33.2,18.1,15.1,10,10,10.1
15 - 24 years,1998M12,33.7,18.1,15.6,10.1,9.9,10.3
15 - 24 years,1999M01,32.8,18,14.8,9.7,9.7,9.7
15 - 24 years,1999M02,32.1,17.9,14.3,9.4,9.6,9.2
15 - 24 years,1999M03,31.9,17.7,14.1,9.3,9.5,9
15 - 24 years,1999M04,31.5,17.5,14,9.1,9.3,8.9
15 - 24 years,1999M05,31.2,17.2,14,9,9.1,8.8
15 - 24 years,1999M06,30.1,16.4,13.6,8.7,8.7,8.6
15 - 24 years,1999M07,29,15.6,13.4,8.4,8.3,8.5
15 - 24 years,1999M08,28.2,15,13.1,8.1,8,8.3
15 - 24 years,1999M09,28.5,15.3,13.2,8.2,8.1,8.3
15 - 24 years,1999M10,27.9,15.3,12.6,8,8.1,7.9
15 - 24 years,1999M11,27.4,15.1,12.3,7.9,8,7.7
15 - 24 years,1999M12,26.7,14.3,12.4,7.7,7.6,7.8
15 - 24 years,2000M01,26,13.6,12.4,7.5,7.2,7.9
15 - 24 years,2000M02,25.4,12.9,12.5,7.3,6.8,7.9
15 - 24 years,2000M03,25,12.8,12.3,7.2,6.8,7.8
15 - 24 years,2000M04,25.1,13.1,12,7.2,6.9,7.6
15 - 24 years,2000M05,24.6,13.2,11.4,7.1,6.9,7.3
15 - 24 years,2000M06,24.3,13.2,11.1,7,6.9,7
15 - 24 years,2000M07,24.1,13.3,10.7,6.9,7,6.8
15 - 24 years,2000M08,23.7,13.1,10.5,6.7,6.8,6.6
15 - 24 years,2000M09,22.7,12.4,10.3,6.5,6.5,6.5
15 - 24 years,2000M10,21.9,11.7,10.2,6.3,6.2,6.5
15 - 24 years,2000M11,21.5,11.4,10.1,6.2,6.1,6.5
15 - 24 years,2000M12,21.4,11.6,9.8,6.3,6.2,6.3
15 - 24 years,2001M01,21.4,12.1,9.3,6.3,6.5,6.1
15 - 24 years,2001M02,21.6,12.3,9.2,6.4,6.7,6.1
15 - 24 years,2001M03,21.9,12.5,9.4,6.5,6.8,6.2
15 - 24 years,2001M04,22.4,12.7,9.8,6.7,6.8,6.5
15 - 24 years,2001M05,23.1,13,10.1,6.8,7,6.7
15 - 24 years,2001M06,24.1,13.5,10.5,7.1,7.3,6.9
15 - 24 years,2001M07,25.4,14.5,10.9,7.5,7.8,7.1
15 - 24 years,2001M08,26,15.1,10.9,7.6,8.1,7
15 - 24 years,2001M09,26.2,15.3,10.8,7.7,8.3,7
15 - 24 years,2001M10,26.5,15.7,10.8,7.8,8.5,7
15 - 24 years,2001M11,27.1,16.3,10.8,8,8.8,7
15 - 24 years,2001M12,26.5,15.8,10.7,7.9,8.6,6.9
15 - 24 years,2002M01,26.6,15.7,10.9,7.9,8.6,7.1
15 - 24 years,2002M02,27.4,16.1,11.3,8.2,8.9,7.4
15 - 24 years,2002M03,27.9,16.4,11.5,8.4,9.1,7.6
15 - 24 years,2002M04,28.1,16.7,11.5,8.5,9.3,7.7
15 - 24 years,2002M05,27.9,16.5,11.4,8.5,9.2,7.6
15 - 24 years,2002M06,26.9,16,10.9,8.2,9,7.3
15 - 24 years,2002M07,25.7,15.3,10.4,7.8,8.6,6.9
15 - 24 years,2002M08,25.3,15.1,10.2,7.7,8.5,6.8
15 - 24 years,2002M09,27.1,15.8,11.2,8.2,8.9,7.5
15 - 24 years,2002M10,30.1,17.4,12.7,9.1,9.7,8.4
15 - 24 years,2002M11,32,18.4,13.6,9.6,10.1,9
15 - 24 years,2002M12,32.3,18.6,13.7,9.7,10.2,9
15 - 24 years,2003M01,30.4,18.1,12.3,9.1,9.9,8.1
15 - 24 years,2003M02,28.8,17.3,11.5,8.7,9.5,7.6
15 - 24 years,2003M03,28,16.9,11.2,8.5,9.4,7.4
15 - 24 years,2003M04,27.9,16.7,11.3,8.5,9.3,7.5
15 - 24 years,2003M05,28.1,16.6,11.5,8.5,9.4,7.6
15 - 24 years,2003M06,28.9,16.9,12,8.7,9.5,7.9
15 - 24 years,2003M07,29.6,17.2,12.4,9,9.6,8.2
15 - 24 years,2003M08,29.5,17.2,12.3,9,9.6,8.2
15 - 24 years,2003M09,29.4,17.1,12.3,8.9,9.6,8.2
15 - 24 years,2003M10,28.3,16.6,11.7,8.6,9.3,7.8
15 - 24 years,2003M11,28.3,16.5,11.9,8.6,9.2,7.9
15 - 24 years,2003M12,28.9,16.5,12.4,8.8,9.3,8.2
15 - 24 years,2004M01,30.3,17.1,13.3,9.1,9.6,8.6
15 - 24 years,2004M02,30.6,16.9,13.6,9.2,9.5,8.9
15 - 24 years,2004M03,29.9,16.8,13.1,9.1,9.5,8.6
15 - 24 years,2004M04,27.8,16,11.8,8.5,9,8
15 - 24 years,2004M05,27.4,15.7,11.7,8.4,8.8,7.9
15 - 24 years,2004M06,28.1,16.2,11.9,8.5,9,7.9
15 - 24 years,2004M07,28.7,15.5,13.2,8.6,8.6,8.6
15 - 24 years,2004M08,29.3,15.7,13.5,8.7,8.8,8.7
15 - 24 years,2004M09,30,16.4,13.7,8.9,9.1,8.7
15 - 24 years,2004M10,29.5,16.9,12.6,8.8,9.4,8
15 - 24 years,2004M11,29,16.9,12.1,8.6,9.4,7.7
15 - 24 years,2004M12,28.6,16.5,12.1,8.5,9.2,7.8
15 - 24 years,2005M01,27.3,15.2,12.1,8.2,8.5,7.8
15 - 24 years,2005M02,26.9,14.7,12.3,8.1,8.2,8
15 - 24 years,2005M03,27.8,15.6,12.2,8.3,8.7,7.9
15 - 24 years,2005M04,29.2,17,12.1,8.7,9.5,7.7
15 - 24 years,2005M05,30,17.7,12.2,8.9,9.9,7.8
15 - 24 years,2005M06,30.3,18,12.4,9,9.9,7.9
15 - 24 years,2005M07,30.4,17.6,12.8,9,9.6,8.2
15 - 24 years,2005M08,30.5,17.5,12.9,9,9.5,8.4
15 - 24 years,2005M09,29.8,17.1,12.7,8.8,9.3,8.2
15 - 24 years,2005M10,29.2,17,12.3,8.6,9.2,7.9
15 - 24 years,2005M11,29.3,16.8,12.4,8.6,9.1,7.9
15 - 24 years,2005M12,29.3,17,12.3,8.6,9.2,7.9
15 - 24 years,2006M01,30.6,17.7,12.9,8.9,9.5,8.2
15 - 24 years,2006M02,31.3,17.8,13.5,9.1,9.4,8.6
15 - 24 years,2006M03,31.6,17.5,14,9.1,9.2,8.9
15 - 24 years,2006M04,31.2,17,14.2,9,8.9,9.1
15 - 24 years,2006M05,31.2,17.1,14.1,8.9,8.9,9
15 - 24 years,2006M06,31.7,17.5,14.2,9,9,8.9
15 - 24 years,2006M07,31.8,18.6,13.3,8.9,9.5,8.2
15 - 24 years,2006M08,31.9,19,12.9,8.9,9.7,7.9
15 - 24 years,2006M09,30.7,18.1,12.7,8.5,9.2,7.7
15 - 24 years,2006M10,29,16.3,12.7,8,8.3,7.7
15 - 24 years,2006M11,28.2,15.4,12.8,7.8,7.8,7.7
15 - 24 years,2006M12,29.2,16.4,12.9,8,8.2,7.7
15 - 24 years,2007M01,31.5,18.6,12.9,8.5,9.2,7.6
15 - 24 years,2007M02,32.9,19.6,13.2,8.8,9.7,7.8
15 - 24 years,2007M03,34.2,20.2,13.9,9.1,10,8.1
15 - 24 years,2007M04,35,20.1,14.9,9.4,10,8.6
15 - 24 years,2007M05,34.6,19.8,14.8,9.3,9.9,8.6
15 - 24 years,2007M06,34.6,19.8,14.8,9.3,10,8.5
15 - 24 years,2007M07,33,19.6,13.3,8.9,9.9,7.7
15 - 24 years,2007M08,32.5,19.7,12.8,8.8,9.9,7.4
15 - 24 years,2007M09,32.5,19.6,12.9,8.7,9.9,7.4
15 - 24 years,2007M10,33.5,19.7,13.9,9,9.9,8
15 - 24 years,2007M11,34.7,20.3,14.3,9.3,10.2,8.2
15 - 24 years,2007M12,35.5,21,14.5,9.6,10.7,8.3
15 - 24 years,2008M01,36.4,22.4,14,9.9,11.5,8.1
15 - 24 years,2008M02,37.4,23.7,13.7,10.2,12.3,8
15 - 24 years,2008M03,38,24.6,13.3,10.5,12.9,7.8
15 - 24 years,2008M04,38.6,25.2,13.4,10.7,13.2,7.9
15 - 24 years,2008M05,40.3,26.1,14.2,11.3,13.8,8.4
15 - 24 years,2008M06,43.7,27.7,16,12.2,14.7,9.5
15 - 24 years,2008M07,49,29.8,19.2,13.6,15.8,11.2
15 - 24 years,2008M08,53.2,32.1,21.1,14.9,17.1,12.5
15 - 24 years,2008M09,55.1,33.8,21.3,15.7,18.4,12.8
15 - 24 years,2008M10,55.4,35.7,19.6,16.2,19.9,12.1
15 - 24 years,2008M11,57,37.6,19.4,17,21.4,12.1
15 - 24 years,2008M12,59.1,39.6,19.5,17.9,23,12.3
15 - 24 years,2009M01,62.4,40.8,21.6,18.9,24.1,13.5
15 - 24 years,2009M02,66,42.7,23.3,20.1,25.5,14.5
15 - 24 years,2009M03,70.2,45.6,24.6,21.5,27.3,15.4
15 - 24 years,2009M04,74.4,48.8,25.6,22.9,29.2,16.2
15 - 24 years,2009M05,77.3,50.7,26.6,24,30.6,17
15 - 24 years,2009M06,77.1,50.4,26.7,24.6,31.3,17.5
15 - 24 years,2009M07,75,48.7,26.3,24.8,31.6,17.7
15 - 24 years,2009M08,74.7,48.6,26.1,25.4,32.4,18
15 - 24 years,2009M09,77.5,50.7,26.8,26.1,33.5,18.5
15 - 24 years,2009M10,79.2,52.6,26.6,26.3,34,18.2
15 - 24 years,2009M11,80.6,53.6,27,26.8,34.4,18.6
15 - 24 years,2009M12,81.1,54.2,26.9,27.4,35,19
15 - 24 years,2010M01,76.7,50.4,26.3,26.9,33.8,19.4
15 - 24 years,2010M02,73.7,47.9,25.7,26.6,33,19.5
15 - 24 years,2010M03,72.6,46.9,25.7,26.6,32.9,19.7
15 - 24 years,2010M04,71.9,46,26,26.5,32.8,19.8
15 - 24 years,2010M05,71.8,45.8,26,26.6,33,19.9
15 - 24 years,2010M06,70.5,45,25.5,26.5,32.9,19.8
15 - 24 years,2010M07,69.2,44.2,25,26.5,32.9,19.8
15 - 24 years,2010M08,69.7,44,25.7,27.3,33.3,20.8
15 - 24 years,2010M09,73.4,45,28.4,28.5,34.2,22.5
15 - 24 years,2010M10,76.1,45.2,30.9,29.5,34.8,24.1
15 - 24 years,2010M11,77.7,45.6,32.1,30.1,35.2,25
15 - 24 years,2010M12,78.4,46.5,31.9,30.4,35.7,24.9
15 - 24 years,2011M01,74.3,44.9,29.5,29.2,34.7,23.6
15 - 24 years,2011M02,71.7,44.1,27.6,28.5,34.2,22.5
15 - 24 years,2011M03,70,43.5,26.4,28.2,34.2,21.9
15 - 24 years,2011M04,68,42.5,25.5,28,34.2,21.5
15 - 24 years,2011M05,66.9,41.9,25,28,34.3,21.4
15 - 24 years,2011M06,66.4,41.7,24.7,28.3,34.5,21.6
15 - 24 years,2011M07,66.1,41.5,24.6,28.6,34.7,22.1
15 - 24 years,2011M08,70.9,45.8,25.1,30.5,37.1,23
15 - 24 years,2011M09,67.6,42.5,25.1,29.3,35,23
15 - 24 years,2011M10,70.9,44.4,26.5,30,35.5,23.9
15 - 24 years,2011M11,72.6,45.1,27.5,30.4,35.7,24.5
15 - 24 years,2011M12,72.4,44.8,27.6,30.6,36.1,24.5
15 - 24 years,2012M01,71.2,43.8,27.4,30.7,36.7,24.3
15 - 24 years,2012M02,71.2,43.7,27.5,30.9,37.3,24.3
15 - 24 years,2012M03,70.5,43.5,27,30.9,37.5,24.1
15 - 24 years,2012M04,70.3,43.8,26.5,30.9,37.5,23.9
15 - 24 years,2012M05,69.9,43.6,26.2,30.9,37.4,23.9
15 - 24 years,2012M06,70.7,44,26.8,31.2,37.5,24.5
15 - 24 years,2012M07,70.1,43.1,27,31.1,37,24.8
15 - 24 years,2012M08,68.7,42.4,26.3,30.9,36.7,24.6
15 - 24 years,2012M09,67,41.3,25.8,30.4,36,24.3
15 - 24 years,2012M10,64.8,40.2,24.6,29.6,35.4,23.4
15 - 24 years,2012M11,62.4,38.5,23.9,28.8,34.3,23
15 - 24 years,2012M12,61.2,36.9,24.2,28.4,33.2,23.2
15 - 24 years,2013M01,59.9,35.1,24.8,27.9,31.8,23.7
15 - 24 years,2013M02,59.8,34.5,25.4,27.7,31.1,24.2
15 - 24 years,2013M03,59.6,34.3,25.3,27.6,30.8,24.1
15 - 24 years,2013M04,60.4,35.2,25.3,27.9,31.3,24.2
15 - 24 years,2013M05,60.5,35.7,24.9,27.9,31.5,24
15 - 24 years,2013M06,59.2,35.2,24,27.4,31.1,23.3
15 - 24 years,2013M07,57.3,34.5,22.8,26.7,30.6,22.5
15 - 24 years,2013M08,55.2,33.2,22,26.1,29.7,22
15 - 24 years,2013M09,54.2,31.9,22.4,25.9,28.7,22.8
15 - 24 years,2013M10,53,30.1,22.9,25.6,27.4,23.6
15 - 24 years,2013M11,51.7,28.9,22.8,25.3,26.6,23.9
15 - 24 years,2013M12,51.9,29,22.9,25.6,26.7,24.2
15 - 24 years,2014M01,52.8,30.5,22.3,26,28,23.7
15 - 24 years,2014M02,53.2,31.3,22,26.3,28.7,23.5
15 - 24 years,2014M03,52.8,30.8,21.9,26.3,28.5,23.8
15 - 24 years,2014M04,50.6,29.3,21.3,25.9,27.6,23.8
15 - 24 years,2014M05,49,28.4,20.6,25.4,27.2,23.2
15 - 24 years,2014M06,47.1,27.3,19.8,24.5,26.6,22.1
15 - 24 years,2014M07,45.6,26.7,18.9,23.6,26.3,20.7
15 - 24 years,2014M08,44.2,26.3,17.9,22.9,26.1,19.4
15 - 24 years,2014M09,42.9,25.9,17,22.2,25.5,18.6
15 - 24 years,2014M10,41.6,25.8,15.8,21.5,25,17.5
15 - 24 years,2014M11,41.1,25.9,15.3,21.2,24.8,17.1
15 - 24 years,2014M12,41.5,26.1,15.4,21.4,24.7,17.4
15 - 24 years,2015M01,43.1,27.2,15.9,22.1,25.4,18.2
15 - 24 years,2015M02,43.4,27.3,16.1,22.4,25.4,18.6
15 - 24 years,2015M03,42.4,26.4,16.1,22.1,24.9,18.8
15 - 24 years,2015M04,40.4,24.8,15.6,21.5,24,18.5
15 - 24 years,2015M05,39.1,23.7,15.4,21.1,23.4,18.3
15 - 24 years,2015M06,38.1,23.1,15,20.6,23,17.7
15 - 24 years,2015M07,38.1,23,15.2,20.4,22.8,17.6
15 - 24 years,2015M08,38.1,23.1,15.1,20.3,22.9,17.3
15 - 24 years,2015M09,38.7,23.5,15.1,20.6,23.4,17.4
15 - 24 years,2015M10,37.9,23.3,14.7,20.4,23.3,17
15 - 24 years,2015M11,37.1,23.1,14,20,23.1,16.3
15 - 24 years,2015M12,35.4,22.4,13,19.1,22.4,15.2
15 - 24 years,2016M01,32.9,21.5,11.3,17.7,21.3,13.3
15 - 24 years,2016M02,32.7,21.5,11.3,17.2,20.8,13
15 - 24 years,2016M03,34.1,21.6,12.5,17.3,20.4,13.8
15 - 24 years,2016M04,36.3,22.2,14.1,17.9,20.4,14.9
15 - 24 years,2016M05,37.3,22.4,14.9,18.1,20.3,15.5
15 - 24 years,2016M06,37.2,22.1,15.1,17.9,19.9,15.6
15 - 24 years,2016M07,36.3,21.8,14.5,17.6,19.6,15.3
15 - 24 years,2016M08,35.7,21.5,14.3,17.4,19.3,15
15 - 24 years,2016M09,34.4,20.6,13.8,16.9,18.8,14.6
15 - 24 years,2016M10,33.8,19.9,13.9,16.6,18.4,14.5
15 - 24 years,2016M11,32.6,18.8,13.8,16,17.6,14.3
15 - 24 years,2016M12,31.2,17.4,13.7,15.4,16.6,14
15 - 24 years,2017M01,29.4,16.1,13.4,14.5,15.5,13.5
15 - 24 years,2017M02,27.4,14.8,12.6,13.7,14.5,12.8
15 - 24 years,2017M03,25.3,13.8,11.5,12.9,13.8,12
15 - 24 years,2017M04,23.8,13.4,10.3,12,13.2,10.7
15 - 24 years,2017M05,23.6,13.9,9.7,11.8,13.5,10
15 - 24 years,2017M06,24,14.4,9.6,11.9,13.7,9.9
15 - 74 years,,,,,,,
15 - 74 years,1998M01,139.1,84.2,55,8.5,8.5,8.4
15 - 74 years,1998M02,141.2,85.8,55.3,8.6,8.7,8.5
15 - 74 years,1998M03,138.7,84.4,54.3,8.5,8.6,8.4
15 - 74 years,1998M04,129.4,79.4,49.9,8,8.1,7.8
15 - 74 years,1998M05,124.1,76.9,47.2,7.6,7.8,7.3
15 - 74 years,1998M06,120,75.1,44.9,7.3,7.6,7
15 - 74 years,1998M07,118.2,74.1,44.1,7.2,7.5,6.8
15 - 74 years,1998M08,115.5,72.3,43.2,7,7.3,6.6
15 - 74 years,1998M09,114.3,71.2,43.1,6.9,7.2,6.6
15 - 74 years,1998M10,109.6,67.8,41.8,6.6,6.8,6.4
15 - 74 years,1998M11,105.4,65,40.4,6.4,6.5,6.2
15 - 74 years,1998M12,105,64,41,6.3,6.4,6.2
15 - 74 years,1999M01,104.1,63.4,40.7,6.2,6.3,6.1
15 - 74 years,1999M02,102.2,62.6,39.6,6,6.2,5.8
15 - 74 years,1999M03,101.7,62.4,39.3,6,6.2,5.8
15 - 74 years,1999M04,101.3,62.2,39.2,6,6.1,5.7
15 - 74 years,1999M05,100.8,61.9,38.9,5.9,6.1,5.7
15 - 74 years,1999M06,96.8,59.5,37.4,5.7,5.8,5.4
15 - 74 years,1999M07,93,56.7,36.3,5.4,5.5,5.3
15 - 74 years,1999M08,89.3,53.7,35.6,5.2,5.2,5.1
15 - 74 years,1999M09,90.3,53.7,36.6,5.2,5.2,5.2
15 - 74 years,1999M10,90.8,53.2,37.6,5.2,5.1,5.3
15 - 74 years,1999M11,89.2,52.4,36.9,5.1,5.1,5.2
15 - 74 years,1999M12,87,51.2,35.9,5,4.9,5.1
15 - 74 years,2000M01,83.5,49.8,33.8,4.8,4.8,4.8
15 - 74 years,2000M02,81.2,48.4,32.7,4.6,4.7,4.6
15 - 74 years,2000M03,79.9,47.5,32.4,4.6,4.6,4.6
15 - 74 years,2000M04,80.5,47.4,33.2,4.6,4.5,4.6
15 - 74 years,2000M05,79.3,46.8,32.5,4.5,4.5,4.5
15 - 74 years,2000M06,77.7,46,31.7,4.4,4.4,4.4
15 - 74 years,2000M07,75.5,45.3,30.2,4.3,4.3,4.2
15 - 74 years,2000M08,73.5,44.4,29.1,4.1,4.2,4
15 - 74 years,2000M09,70.6,42.9,27.7,4,4.1,3.8
15 - 74 years,2000M10,68.1,41.5,26.6,3.8,3.9,3.7
15 - 74 years,2000M11,67,40.8,26.2,3.8,3.9,3.6
15 - 74 years,2000M12,66.9,40.5,26.5,3.7,3.8,3.6
15 - 74 years,2001M01,67.2,40.3,27,3.8,3.8,3.7
15 - 74 years,2001M02,66.9,39.8,27.1,3.7,3.8,3.7
15 - 74 years,2001M03,66.7,39.8,26.9,3.7,3.8,3.7
15 - 74 years,2001M04,66.3,39.8,26.5,3.7,3.7,3.6
15 - 74 years,2001M05,67.2,40.3,26.9,3.7,3.8,3.6
15 - 74 years,2001M06,69.6,41.5,28.1,3.8,3.9,3.8
15 - 74 years,2001M07,73.6,43.7,29.9,4,4.1,4
15 - 74 years,2001M08,75.7,45.3,30.4,4.1,4.2,4
15 - 74 years,2001M09,76.2,46.3,29.9,4.2,4.3,3.9
15 - 74 years,2001M10,75.9,47.3,28.6,4.1,4.4,3.8
15 - 74 years,2001M11,77.4,49,28.3,4.2,4.5,3.7
15 - 74 years,2001M12,75.6,48,27.6,4.1,4.5,3.6
15 - 74 years,2002M01,77.1,48.5,28.6,4.2,4.5,3.7
15 - 74 years,2002M02,78.9,49.5,29.4,4.3,4.6,3.8
15 - 74 years,2002M03,80.6,50.2,30.4,4.4,4.7,4
15 - 74 years,2002M04,80.7,50.2,30.6,4.4,4.6,4
15 - 74 years,2002M05,81.1,50.3,30.8,4.4,4.7,4
15 - 74 years,2002M06,79.9,49.6,30.3,4.3,4.6,3.9
15 - 74 years,2002M07,77.3,48.3,29,4.2,4.5,3.8
15 - 74 years,2002M08,77.7,48.6,29.1,4.2,4.5,3.8
15 - 74 years,2002M09,82.7,51.3,31.5,4.5,4.7,4.1
15 - 74 years,2002M10,90.4,55.3,35.1,4.8,5.1,4.5
15 - 74 years,2002M11,95.1,58,37.1,5.1,5.3,4.7
15 - 74 years,2002M12,94.6,57.8,36.8,5.1,5.3,4.7
15 - 74 years,2003M01,89.3,55.7,33.5,4.8,5.1,4.3
15 - 74 years,2003M02,85.6,53.9,31.7,4.6,4.9,4.1
15 - 74 years,2003M03,83.6,52.9,30.7,4.5,4.8,3.9
15 - 74 years,2003M04,84.2,52.8,31.4,4.5,4.8,4
15 - 74 years,2003M05,84.3,52.9,31.4,4.5,4.8,4
15 - 74 years,2003M06,87,54.2,32.8,4.6,4.9,4.2
15 - 74 years,2003M07,90,55.9,34.1,4.8,5.1,4.3
15 - 74 years,2003M08,90.6,56.3,34.3,4.8,5.1,4.3
15 - 74 years,2003M09,89.5,55.6,33.8,4.7,5,4.3
15 - 74 years,2003M10,85.6,53.4,32.2,4.5,4.8,4
15 - 74 years,2003M11,85.1,53.2,31.9,4.5,4.8,4
15 - 74 years,2003M12,87.4,54.2,33.3,4.6,4.9,4.1
15 - 74 years,2004M01,93.2,57.3,35.9,4.8,5.1,4.5
15 - 74 years,2004M02,94.9,58.3,36.7,4.9,5.2,4.5
15 - 74 years,2004M03,93.9,58.6,35.3,4.9,5.2,4.4
15 - 74 years,2004M04,88.7,56.5,32.1,4.6,5,4
15 - 74 years,2004M05,86.1,55.3,30.8,4.4,4.9,3.8
15 - 74 years,2004M06,83.8,54.4,29.4,4.3,4.8,3.6
15 - 74 years,2004M07,82.7,52.4,30.4,4.2,4.6,3.7
15 - 74 years,2004M08,82.9,51.9,30.9,4.2,4.6,3.8
15 - 74 years,2004M09,85.4,53.2,32.2,4.3,4.7,3.9
15 - 74 years,2004M10,88.1,54.9,33.2,4.5,4.8,4
15 - 74 years,2004M11,88.3,55,33.3,4.4,4.8,4
15 - 74 years,2004M12,87.7,53.9,33.7,4.4,4.7,4
15 - 74 years,2005M01,83.5,50.7,32.8,4.2,4.4,3.9
15 - 74 years,2005M02,82.4,49.5,32.9,4.1,4.3,3.9
15 - 74 years,2005M03,86.5,52.3,34.2,4.3,4.5,4
15 - 74 years,2005M04,92.2,56.5,35.7,4.5,4.8,4.2
15 - 74 years,2005M05,95.8,59.1,36.7,4.7,5,4.3
15 - 74 years,2005M06,95.6,58.9,36.7,4.7,5,4.2
15 - 74 years,2005M07,93.7,57.1,36.6,4.6,4.8,4.2
15 - 74 years,2005M08,92.3,55.7,36.6,4.5,4.7,4.2
15 - 74 years,2005M09,89.8,54.2,35.5,4.3,4.5,4.1
15 - 74 years,2005M10,88.7,53.4,35.3,4.3,4.5,4
15 - 74 years,2005M11,89.6,53.4,36.2,4.3,4.4,4.1
15 - 74 years,2005M12,90.6,53.9,36.7,4.3,4.5,4.2
15 - 74 years,2006M01,93.9,55.9,38,4.5,4.6,4.3
15 - 74 years,2006M02,94.7,56.1,38.6,4.5,4.6,4.3
15 - 74 years,2006M03,95.1,56,39.1,4.5,4.6,4.4
15 - 74 years,2006M04,94.5,55.5,39,4.5,4.5,4.4
15 - 74 years,2006M05,95.4,56.3,39.2,4.5,4.6,4.4
15 - 74 years,2006M06,98,57.6,40.4,4.6,4.7,4.5
15 - 74 years,2006M07,100.6,60.3,40.3,4.7,4.9,4.4
15 - 74 years,2006M08,102.7,61.9,40.7,4.8,5,4.5
15 - 74 years,2006M09,99.3,60.6,38.7,4.6,4.9,4.2
15 - 74 years,2006M10,95.4,58.1,37.3,4.4,4.6,4.1
15 - 74 years,2006M11,94.2,57.1,37.1,4.3,4.5,4
15 - 74 years,2006M12,96.4,58.4,37.9,4.4,4.6,4.1
15 - 74 years,2007M01,99.6,60.3,39.3,4.5,4.8,4.2
15 - 74 years,2007M02,102.5,62.3,40.2,4.6,4.9,4.2
15 - 74 years,2007M03,103.4,62.6,40.8,4.6,4.9,4.3
15 - 74 years,2007M04,104.4,61.8,42.7,4.7,4.8,4.5
15 - 74 years,2007M05,103.9,61.1,42.8,4.6,4.8,4.5
15 - 74 years,2007M06,104.5,61.3,43.2,4.7,4.8,4.5
15 - 74 years,2007M07,102.6,61.6,41,4.6,4.8,4.2
15 - 74 years,2007M08,102.8,62.9,39.9,4.6,4.9,4.1
15 - 74 years,2007M09,104.2,64.7,39.6,4.6,5,4.1
15 - 74 years,2007M10,107.9,67.4,40.6,4.8,5.2,4.2
15 - 74 years,2007M11,112,70.8,41.3,5,5.5,4.2
15 - 74 years,2007M12,112.9,71.6,41.2,5,5.6,4.2
15 - 74 years,2008M01,113.1,73.6,39.5,5,5.7,4
15 - 74 years,2008M02,113.9,75.4,38.4,5,5.9,3.9
15 - 74 years,2008M03,117.9,78.1,39.8,5.2,6.1,4.1
15 - 74 years,2008M04,120.1,79.9,40.2,5.3,6.2,4.1
15 - 74 years,2008M05,126.1,83.6,42.4,5.6,6.5,4.3
15 - 74 years,2008M06,135.4,89.5,45.9,6,7,4.7
15 - 74 years,2008M07,148.3,97.1,51.1,6.5,7.6,5.2
15 - 74 years,2008M08,159.3,104.6,54.8,7,8.1,5.5
15 - 74 years,2008M09,166.2,110,56.2,7.3,8.6,5.7
15 - 74 years,2008M10,173,116.8,56.2,7.6,9.1,5.7
15 - 74 years,2008M11,182.6,125.2,57.3,8.1,9.8,5.8
15 - 74 years,2008M12,193.3,133.9,59.4,8.6,10.5,6.1
15 - 74 years,2009M01,215,149.2,65.8,9.6,11.8,6.7
15 - 74 years,2009M02,232.4,162.3,70.1,10.4,12.9,7.2
15 - 74 years,2009M03,248,174.2,73.7,11.1,13.9,7.5
15 - 74 years,2009M04,260.9,184.6,76.3,11.7,14.7,7.8
15 - 74 years,2009M05,270.2,191.2,79,12.1,15.2,8.1
15 - 74 years,2009M06,272.5,192.7,79.8,12.2,15.4,8.2
15 - 74 years,2009M07,274.4,191.9,82.5,12.4,15.5,8.4
15 - 74 years,2009M08,279.3,193.8,85.5,12.6,15.7,8.7
15 - 74 years,2009M09,288.3,199.1,89.2,13,16.1,9.1
15 - 74 years,2009M10,288.6,200.9,87.7,13.1,16.3,9
15 - 74 years,2009M11,290.9,203.6,87.3,13.2,16.5,9
15 - 74 years,2009M12,290.4,204.3,86.1,13.2,16.6,8.9
15 - 74 years,2010M01,288.3,202.8,85.5,13.2,16.6,8.8
15 - 74 years,2010M02,284.8,199.9,84.8,13,16.4,8.8
15 - 74 years,2010M03,287.5,200.6,86.9,13.2,16.5,9
15 - 74 years,2010M04,296.4,202.2,94.2,13.6,16.7,9.7
15 - 74 years,2010M05,301.3,204.3,97,13.8,16.8,10
15 - 74 years,2010M06,298.8,204.1,94.7,13.7,16.8,9.8
15 - 74 years,2010M07,296.3,204.3,92,13.6,16.9,9.5
15 - 74 years,2010M08,300.7,206.8,93.9,13.9,17.1,9.8
15 - 74 years,2010M09,311,212.1,98.9,14.3,17.5,10.2
15 - 74 years,2010M10,320.3,216,104.3,14.7,17.9,10.8
15 - 74 years,2010M11,324.3,217.6,106.7,14.9,18.1,11
15 - 74 years,2010M12,326.7,219.7,107,15.1,18.2,11.1
15 - 74 years,2011M01,316.1,212.9,103.2,14.6,17.8,10.7
15 - 74 years,2011M02,309.8,209.6,100.2,14.4,17.5,10.4
15 - 74 years,2011M03,308.7,208.8,99.8,14.3,17.4,10.4
15 - 74 years,2011M04,308.3,208.9,99.5,14.3,17.4,10.3
15 - 74 years,2011M05,310.4,209.5,100.8,14.3,17.5,10.4
15 - 74 years,2011M06,312.6,211.1,101.5,14.5,17.6,10.5
15 - 74 years,2011M07,316.6,211.6,105,14.7,17.8,10.9
15 - 74 years,2011M08,320.9,216.2,104.8,14.9,18.1,10.9
15 - 74 years,2011M09,321,213.4,107.5,14.9,17.9,11.2
15 - 74 years,2011M10,324.2,216.9,107.2,15,18.1,11.1
15 - 74 years,2011M11,327.1,218.2,108.9,15.1,18.2,11.3
15 - 74 years,2011M12,327.8,218.1,109.7,15.1,18.2,11.3
15 - 74 years,2012M01,327.9,217,111,15.2,18.2,11.5
15 - 74 years,2012M02,326.8,216.1,110.7,15.1,18.1,11.5
15 - 74 years,2012M03,322.9,214.6,108.3,15,18.1,11.2
15 - 74 years,2012M04,317.3,212.7,104.7,14.8,17.9,10.9
15 - 74 years,2012M05,313.8,211,102.9,14.6,17.8,10.7
15 - 74 years,2012M06,315.3,211.8,103.6,14.7,17.9,10.8
15 - 74 years,2012M07,316.2,211.7,104.5,14.8,17.9,10.9
15 - 74 years,2012M08,316.6,211.3,105.3,14.8,17.8,11
15 - 74 years,2012M09,314.4,208.9,105.5,14.7,17.6,11
15 - 74 years,2012M10,310.7,206.8,103.9,14.5,17.5,10.8
15 - 74 years,2012M11,306.3,202.3,104,14.3,17.1,10.8
15 - 74 years,2012M12,302.3,197.3,105,14.1,16.7,10.9
15 - 74 years,2013M01,297.2,190.6,106.6,13.9,16.1,11.1
15 - 74 years,2013M02,294.9,187.1,107.8,13.7,15.8,11.2
15 - 74 years,2013M03,294.2,185.6,108.6,13.7,15.7,11.2
15 - 74 years,2013M04,296.8,186.2,110.6,13.8,15.7,11.4
15 - 74 years,2013M05,295.3,186.2,109,13.7,15.7,11.2
15 - 74 years,2013M06,290,184,106,13.4,15.5,10.9
15 - 74 years,2013M07,280.7,180.8,99.9,13,15.2,10.3
15 - 74 years,2013M08,273.5,176.3,97.2,12.7,14.8,10.1
15 - 74 years,2013M09,269.9,172,97.9,12.5,14.4,10.1
15 - 74 years,2013M10,266,166.5,99.5,12.3,14,10.3
15 - 74 years,2013M11,263.7,163.1,100.6,12.2,13.7,10.4
15 - 74 years,2013M12,263,162.4,100.6,12.2,13.6,10.4
15 - 74 years,2014M01,264.2,164.5,99.6,12.2,13.8,10.3
15 - 74 years,2014M02,263.1,165.5,97.7,12.2,13.9,10.1
15 - 74 years,2014M03,260,164,96,12.1,13.8,10
15 - 74 years,2014M04,251.8,161,90.8,11.8,13.6,9.5
15 - 74 years,2014M05,247.4,158.1,89.3,11.6,13.4,9.3
15 - 74 years,2014M06,243.4,154.3,89.1,11.4,13.1,9.3
15 - 74 years,2014M07,241.7,150.9,90.8,11.3,12.8,9.4
15 - 74 years,2014M08,238.8,147.9,90.9,11.1,12.5,9.4
15 - 74 years,2014M09,234.1,144.7,89.4,10.9,12.3,9.3
15 - 74 years,2014M10,227.7,142,85.7,10.6,12,8.9
15 - 74 years,2014M11,222.4,140,82.5,10.4,11.8,8.6
15 - 74 years,2014M12,219.6,138.7,80.9,10.2,11.7,8.4
15 - 74 years,2015M01,218.7,138.7,80,10.2,11.7,8.3
15 - 74 years,2015M02,216.4,137.3,79.1,10.1,11.6,8.2
15 - 74 years,2015M03,212.9,134.9,78.1,9.9,11.3,8.1
15 - 74 years,2015M04,209.7,131.3,78.3,9.7,11.1,8.1
15 - 74 years,2015M05,205.7,128.4,77.3,9.5,10.8,8
15 - 74 years,2015M06,201.7,126.1,75.6,9.4,10.6,7.8
15 - 74 years,2015M07,197.5,124.2,73.3,9.2,10.5,7.6
15 - 74 years,2015M08,195.9,124.5,71.4,9.1,10.5,7.4
15 - 74 years,2015M09,196.8,126.2,70.6,9.1,10.6,7.3
15 - 74 years,2015M10,198.1,127.7,70.4,9.2,10.8,7.2
15 - 74 years,2015M11,197.1,128.2,68.9,9.1,10.8,7.1
15 - 74 years,2015M12,193.4,126.5,66.9,8.9,10.7,6.9
15 - 74 years,2016M01,184,120.6,63.3,8.5,10.2,6.5
15 - 74 years,2016M02,180.6,118.2,62.4,8.4,9.9,6.4
15 - 74 years,2016M03,180.7,116.5,64.2,8.3,9.8,6.6
15 - 74 years,2016M04,183.1,115.7,67.4,8.4,9.7,6.8
15 - 74 years,2016M05,183.1,114.9,68.2,8.4,9.6,6.9
15 - 74 years,2016M06,181.5,113,68.4,8.3,9.4,6.9
15 - 74 years,2016M07,177,111.5,65.5,8.1,9.3,6.6
15 - 74 years,2016M08,173.4,109,64.4,7.9,9.1,6.5
15 - 74 years,2016M09,164.8,103,61.8,7.5,8.6,6.3
15 - 74 years,2016M10,158.3,97,61.3,7.2,8.1,6.2
15 - 74 years,2016M11,154,92.7,61.3,7,7.8,6.2
15 - 74 years,2016M12,152,90.6,61.4,6.9,7.6,6.2
15 - 74 years,2017M01,151.2,90,61.2,6.9,7.5,6.1
15 - 74 years,2017M02,149.7,89.4,60.4,6.8,7.4,6
15 - 74 years,2017M03,145.9,87.1,58.8,6.6,7.3,5.9
15 - 74 years,2017M04,141.6,86,55.6,6.4,7.2,5.6
15 - 74 years,2017M05,140.3,85.8,54.5,6.4,7.1,5.5
15 - 74 years,2017M06,139.4,85.6,53.8,6.3,7.1,5.4
25 - 74 years,,,,,,,
25 - 74 years,1998M01,93.7,59.4,34.3,7.2,7.3,6.9
25 - 74 years,1998M02,96.6,61.3,35.2,7.4,7.6,7.1
25 - 74 years,1998M03,96.1,60.9,35.1,7.4,7.6,7.1
25 - 74 years,1998M04,90.2,58.1,32.1,6.9,7.2,6.5
25 - 74 years,1998M05,87.1,56.7,30.4,6.7,7,6.1
25 - 74 years,1998M06,84.3,55.2,29.1,6.4,6.8,5.8
25 - 74 years,1998M07,83.7,54.7,29,6.4,6.7,5.8
25 - 74 years,1998M08,81.7,53.2,28.5,6.2,6.5,5.7
25 - 74 years,1998M09,80.2,52.1,28.1,6.1,6.4,5.6
25 - 74 years,1998M10,75.9,49.2,26.8,5.8,6,5.3
25 - 74 years,1998M11,72.2,46.8,25.4,5.5,5.7,5
25 - 74 years,1998M12,71.3,45.9,25.4,5.4,5.6,5
25 - 74 years,1999M01,71.3,45.4,25.9,5.3,5.5,5
25 - 74 years,1999M02,70.1,44.8,25.3,5.2,5.4,4.8
25 - 74 years,1999M03,69.9,44.7,25.2,5.2,5.4,4.8
25 - 74 years,1999M04,69.8,44.6,25.2,5.2,5.4,4.8
25 - 74 years,1999M05,69.6,44.7,24.9,5.1,5.4,4.7
25 - 74 years,1999M06,66.7,43,23.7,4.9,5.2,4.5
25 - 74 years,1999M07,63.9,41.1,22.8,4.7,4.9,4.3
25 - 74 years,1999M08,61.1,38.7,22.5,4.4,4.6,4.2
25 - 74 years,1999M09,61.8,38.4,23.5,4.5,4.6,4.3
25 - 74 years,1999M10,62.9,37.9,25.1,4.5,4.5,4.6
25 - 74 years,1999M11,61.9,37.3,24.6,4.4,4.4,4.5
25 - 74 years,1999M12,60.3,36.9,23.5,4.3,4.3,4.3
25 - 74 years,2000M01,57.6,36.2,21.4,4.1,4.3,3.9
25 - 74 years,2000M02,55.8,35.5,20.2,4,4.2,3.7
25 - 74 years,2000M03,54.8,34.7,20.1,3.9,4.1,3.6
25 - 74 years,2000M04,55.5,34.3,21.2,3.9,4,3.8
25 - 74 years,2000M05,54.7,33.6,21,3.9,3.9,3.7
25 - 74 years,2000M06,53.4,32.8,20.6,3.8,3.8,3.7
25 - 74 years,2000M07,51.4,31.9,19.5,3.6,3.7,3.5
25 - 74 years,2000M08,49.8,31.3,18.6,3.5,3.6,3.3
25 - 74 years,2000M09,47.9,30.5,17.4,3.4,3.5,3.1
25 - 74 years,2000M10,46.1,29.8,16.3,3.2,3.4,2.9
25 - 74 years,2000M11,45.6,29.4,16.2,3.2,3.4,2.8
25 - 74 years,2000M12,45.5,28.9,16.7,3.2,3.3,2.9
25 - 74 years,2001M01,45.9,28.2,17.7,3.2,3.2,3.1
25 - 74 years,2001M02,45.3,27.5,17.8,3.1,3.1,3.1
25 - 74 years,2001M03,44.8,27.2,17.5,3.1,3.1,3
25 - 74 years,2001M04,43.8,27.1,16.7,3,3.1,2.9
25 - 74 years,2001M05,44.1,27.3,16.8,3,3.1,2.9
25 - 74 years,2001M06,45.5,27.9,17.6,3.1,3.2,3
25 - 74 years,2001M07,48.2,29.2,19,3.2,3.3,3.2
25 - 74 years,2001M08,49.7,30.2,19.5,3.3,3.4,3.2
25 - 74 years,2001M09,50,31,19,3.3,3.5,3.2
25 - 74 years,2001M10,49.4,31.6,17.9,3.3,3.5,3
25 - 74 years,2001M11,50.3,32.7,17.5,3.3,3.7,2.9
25 - 74 years,2001M12,49.1,32.2,16.9,3.3,3.6,2.8
25 - 74 years,2002M01,50.5,32.8,17.7,3.4,3.7,2.9
25 - 74 years,2002M02,51.5,33.4,18.1,3.4,3.7,2.9
25 - 74 years,2002M03,52.8,33.8,19,3.5,3.8,3.1
25 - 74 years,2002M04,52.6,33.5,19.1,3.5,3.7,3.1
25 - 74 years,2002M05,53.1,33.8,19.4,3.5,3.7,3.1
25 - 74 years,2002M06,53,33.5,19.4,3.5,3.7,3.1
25 - 74 years,2002M07,51.6,33,18.6,3.4,3.7,3
25 - 74 years,2002M08,52.4,33.5,18.9,3.4,3.7,3
25 - 74 years,2002M09,55.7,35.4,20.2,3.6,3.9,3.2
25 - 74 years,2002M10,60.2,37.8,22.4,3.9,4.2,3.6
25 - 74 years,2002M11,63.1,39.6,23.5,4.1,4.4,3.7
25 - 74 years,2002M12,62.3,39.2,23.1,4,4.3,3.7
25 - 74 years,2003M01,58.9,37.7,21.3,3.8,4.1,3.4
25 - 74 years,2003M02,56.8,36.6,20.2,3.7,4,3.2
25 - 74 years,2003M03,55.6,36,19.6,3.6,3.9,3.1
25 - 74 years,2003M04,56.2,36.1,20.1,3.6,3.9,3.2
25 - 74 years,2003M05,56.2,36.3,19.9,3.6,3.9,3.1
25 - 74 years,2003M06,58.1,37.3,20.8,3.7,4,3.3
25 - 74 years,2003M07,60.4,38.7,21.7,3.9,4.2,3.4
25 - 74 years,2003M08,61.1,39.1,22,3.9,4.2,3.4
25 - 74 years,2003M09,60.1,38.5,21.6,3.8,4.2,3.4
25 - 74 years,2003M10,57.3,36.8,20.4,3.6,4,3.2
25 - 74 years,2003M11,56.8,36.8,20.1,3.6,3.9,3.1
25 - 74 years,2003M12,58.5,37.7,20.8,3.7,4,3.2
25 - 74 years,2004M01,62.9,40.2,22.7,3.9,4.3,3.5
25 - 74 years,2004M02,64.4,41.3,23,4,4.4,3.5
25 - 74 years,2004M03,64,41.8,22.2,4,4.4,3.4
25 - 74 years,2004M04,60.9,40.6,20.3,3.8,4.3,3.1
25 - 74 years,2004M05,58.8,39.7,19.1,3.6,4.2,2.9
25 - 74 years,2004M06,55.7,38.1,17.6,3.5,4,2.7
25 - 74 years,2004M07,54.1,36.9,17.1,3.3,3.9,2.6
25 - 74 years,2004M08,53.6,36.2,17.4,3.3,3.8,2.6
25 - 74 years,2004M09,55.3,36.8,18.5,3.4,3.8,2.8
25 - 74 years,2004M10,58.7,38,20.6,3.6,3.9,3.1
25 - 74 years,2004M11,59.3,38.1,21.2,3.6,3.9,3.1
25 - 74 years,2004M12,59.1,37.4,21.6,3.6,3.8,3.2
25 - 74 years,2005M01,56.2,35.5,20.6,3.4,3.6,3
25 - 74 years,2005M02,55.5,34.9,20.6,3.3,3.6,3
25 - 74 years,2005M03,58.7,36.7,22,3.5,3.7,3.2
25 - 74 years,2005M04,63,39.5,23.5,3.7,4,3.4
25 - 74 years,2005M05,65.8,41.3,24.5,3.9,4.1,3.5
25 - 74 years,2005M06,65.2,40.9,24.3,3.8,4.1,3.4
25 - 74 years,2005M07,63.3,39.4,23.9,3.7,3.9,3.4
25 - 74 years,2005M08,61.8,38.2,23.6,3.6,3.8,3.3
25 - 74 years,2005M09,60,37.1,22.9,3.5,3.7,3.2
25 - 74 years,2005M10,59.4,36.4,23,3.4,3.6,3.2
25 - 74 years,2005M11,60.3,36.5,23.8,3.5,3.6,3.3
25 - 74 years,2005M12,61.3,36.9,24.4,3.5,3.6,3.4
25 - 74 years,2006M01,63.3,38.2,25.1,3.6,3.7,3.4
25 - 74 years,2006M02,63.4,38.3,25.1,3.6,3.7,3.4
25 - 74 years,2006M03,63.5,38.4,25.1,3.6,3.7,3.4
25 - 74 years,2006M04,63.3,38.5,24.8,3.6,3.7,3.4
25 - 74 years,2006M05,64.2,39.2,25,3.6,3.8,3.4
25 - 74 years,2006M06,66.3,40.1,26.2,3.7,3.9,3.5
25 - 74 years,2006M07,68.8,41.8,27,3.8,4,3.6
25 - 74 years,2006M08,70.8,42.9,27.9,3.9,4.1,3.7
25 - 74 years,2006M09,68.6,42.6,26,3.8,4.1,3.5
25 - 74 years,2006M10,66.3,41.8,24.6,3.7,4,3.3
25 - 74 years,2006M11,66,41.6,24.4,3.6,3.9,3.2
25 - 74 years,2006M12,67.1,42,25.1,3.7,4,3.3
25 - 74 years,2007M01,68.1,41.7,26.4,3.7,3.9,3.4
25 - 74 years,2007M02,69.6,42.6,27,3.8,4,3.5
25 - 74 years,2007M03,69.2,42.3,26.9,3.7,3.9,3.5
25 - 74 years,2007M04,69.4,41.6,27.8,3.7,3.9,3.5
25 - 74 years,2007M05,69.3,41.3,28,3.7,3.8,3.6
25 - 74 years,2007M06,69.9,41.5,28.4,3.7,3.8,3.6
25 - 74 years,2007M07,69.7,42,27.7,3.7,3.9,3.5
25 - 74 years,2007M08,70.3,43.2,27.1,3.7,4,3.4
25 - 74 years,2007M09,71.8,45.1,26.7,3.8,4.2,3.4
25 - 74 years,2007M10,74.4,47.7,26.7,3.9,4.4,3.3
25 - 74 years,2007M11,77.4,50.4,26.9,4.1,4.6,3.4
25 - 74 years,2007M12,77.4,50.6,26.8,4.1,4.6,3.3
25 - 74 years,2008M01,76.8,51.2,25.6,4,4.7,3.2
25 - 74 years,2008M02,76.5,51.7,24.8,4,4.7,3.1
25 - 74 years,2008M03,79.9,53.5,26.4,4.2,4.9,3.3
25 - 74 years,2008M04,81.6,54.8,26.8,4.3,5,3.3
25 - 74 years,2008M05,85.8,57.6,28.2,4.5,5.2,3.5
25 - 74 years,2008M06,91.7,61.8,29.9,4.8,5.6,3.7
25 - 74 years,2008M07,99.3,67.3,32,5.2,6.1,3.9
25 - 74 years,2008M08,106.1,72.4,33.7,5.5,6.6,4.1
25 - 74 years,2008M09,111.1,76.2,34.9,5.8,6.9,4.3
25 - 74 years,2008M10,117.7,81.1,36.6,6.1,7.3,4.4
25 - 74 years,2008M11,125.6,87.7,38,6.5,7.9,4.6
25 - 74 years,2008M12,134.2,94.3,39.9,7,8.6,4.9
25 - 74 years,2009M01,152.6,108.5,44.1,8,9.9,5.4
25 - 74 years,2009M02,166.4,119.7,46.8,8.7,11,5.7
25 - 74 years,2009M03,177.8,128.7,49.1,9.3,11.8,6
25 - 74 years,2009M04,186.4,135.7,50.7,9.8,12.4,6.2
25 - 74 years,2009M05,193,140.6,52.4,10.1,12.9,6.4
25 - 74 years,2009M06,195.4,142.3,53.1,10.2,13.1,6.4
25 - 74 years,2009M07,199.4,143.2,56.2,10.4,13.2,6.8
25 - 74 years,2009M08,204.6,145.2,59.4,10.7,13.4,7.1
25 - 74 years,2009M09,210.8,148.4,62.4,11,13.7,7.5
25 - 74 years,2009M10,209.4,148.3,61.1,11,13.7,7.4
25 - 74 years,2009M11,210.4,150,60.3,11,13.9,7.3
25 - 74 years,2009M12,209.3,150,59.2,11,14,7.2
25 - 74 years,2010M01,211.5,152.4,59.1,11.1,14.2,7.1
25 - 74 years,2010M02,211.1,152,59.1,11.1,14.2,7.1
25 - 74 years,2010M03,214.8,153.7,61.2,11.3,14.3,7.3
25 - 74 years,2010M04,224.5,156.2,68.3,11.7,14.5,8.1
25 - 74 years,2010M05,229.5,158.5,71,12,14.7,8.4
25 - 74 years,2010M06,228.3,159.1,69.2,11.9,14.8,8.3
25 - 74 years,2010M07,227.1,160.1,67,11.9,14.9,8
25 - 74 years,2010M08,231,162.8,68.2,12.1,15.1,8.1
25 - 74 years,2010M09,237.6,167.1,70.5,12.4,15.5,8.4
25 - 74 years,2010M10,244.2,170.8,73.4,12.8,15.9,8.8
25 - 74 years,2010M11,246.7,172.1,74.6,12.9,16,8.9
25 - 74 years,2010M12,248.3,173.1,75.1,13,16.1,9
25 - 74 years,2011M01,241.8,168,73.8,12.7,15.7,8.8
25 - 74 years,2011M02,238.1,165.4,72.7,12.5,15.5,8.7
25 - 74 years,2011M03,238.7,165.3,73.4,12.5,15.5,8.7
25 - 74 years,2011M04,240.3,166.3,74,12.5,15.5,8.7
25 - 74 years,2011M05,243.5,167.6,75.9,12.6,15.6,8.9
25 - 74 years,2011M06,246.2,169.3,76.9,12.8,15.8,9
25 - 74 years,2011M07,250.5,170.1,80.4,13,15.9,9.5
25 - 74 years,2011M08,250,170.4,79.6,13,15.9,9.4
25 - 74 years,2011M09,253.3,170.9,82.4,13.2,16,9.7
25 - 74 years,2011M10,253.2,172.5,80.7,13.2,16.1,9.5
25 - 74 years,2011M11,254.5,173.2,81.4,13.2,16.1,9.5
25 - 74 years,2011M12,255.3,173.3,82,13.2,16.1,9.6
25 - 74 years,2012M01,256.7,173.1,83.5,13.3,16.1,9.8
25 - 74 years,2012M02,255.6,172.4,83.2,13.3,16.1,9.7
25 - 74 years,2012M03,252.3,171,81.3,13.1,16,9.5
25 - 74 years,2012M04,247,168.9,78.2,12.9,15.8,9.2
25 - 74 years,2012M05,244,167.3,76.6,12.7,15.7,9
25 - 74 years,2012M06,244.6,167.8,76.8,12.8,15.7,9
25 - 74 years,2012M07,246.1,168.6,77.5,12.8,15.8,9.1
25 - 74 years,2012M08,247.9,168.9,79,12.9,15.8,9.3
25 - 74 years,2012M09,247.4,167.6,79.8,12.9,15.7,9.4
25 - 74 years,2012M10,245.9,166.7,79.3,12.8,15.6,9.3
25 - 74 years,2012M11,243.9,163.9,80.1,12.7,15.3,9.3
25 - 74 years,2012M12,241.1,160.4,80.7,12.5,15,9.4
25 - 74 years,2013M01,237.4,155.5,81.8,12.3,14.5,9.5
25 - 74 years,2013M02,235,152.7,82.4,12.2,14.3,9.6
25 - 74 years,2013M03,234.6,151.4,83.3,12.1,14.1,9.7
25 - 74 years,2013M04,236.4,151.1,85.3,12.2,14.1,9.9
25 - 74 years,2013M05,234.7,150.6,84.1,12.1,14,9.7
25 - 74 years,2013M06,230.8,148.8,82,11.9,13.8,9.5
25 - 74 years,2013M07,223.4,146.3,77.1,11.5,13.6,8.9
25 - 74 years,2013M08,218.4,143.1,75.3,11.2,13.3,8.7
25 - 74 years,2013M09,215.7,140.2,75.5,11.1,13,8.7
25 - 74 years,2013M10,213.1,136.4,76.7,10.9,12.6,8.8
25 - 74 years,2013M11,212,134.2,77.8,10.8,12.4,8.9
25 - 74 years,2013M12,211.1,133.5,77.6,10.8,12.3,8.9
25 - 74 years,2014M01,211.3,134,77.3,10.8,12.4,8.9
25 - 74 years,2014M02,209.9,134.2,75.7,10.7,12.4,8.7
25 - 74 years,2014M03,207.2,133.2,74,10.6,12.3,8.5
25 - 74 years,2014M04,201.3,131.8,69.5,10.3,12.2,8
25 - 74 years,2014M05,198.4,129.7,68.7,10.2,12,7.9
25 - 74 years,2014M06,196.3,127,69.3,10.1,11.8,8
25 - 74 years,2014M07,196.1,124.3,71.8,10.1,11.5,8.2
25 - 74 years,2014M08,194.6,121.7,73,10,11.3,8.4
25 - 74 years,2014M09,191.2,118.8,72.4,9.8,11,8.3
25 - 74 years,2014M10,186.1,116.3,69.9,9.5,10.8,8
25 - 74 years,2014M11,181.3,114.1,67.2,9.3,10.6,7.7
25 - 74 years,2014M12,178.1,112.6,65.5,9.1,10.4,7.5
25 - 74 years,2015M01,175.5,111.4,64.1,9,10.3,7.3
25 - 74 years,2015M02,173.1,110,63,8.8,10.2,7.2
25 - 74 years,2015M03,170.5,108.5,62,8.7,10,7.1
25 - 74 years,2015M04,169.3,106.5,62.7,8.6,9.8,7.1
25 - 74 years,2015M05,166.6,104.6,62,8.5,9.6,7
25 - 74 years,2015M06,163.6,103,60.6,8.3,9.5,6.9
25 - 74 years,2015M07,159.4,101.2,58.2,8.1,9.3,6.6
25 - 74 years,2015M08,157.8,101.5,56.3,8,9.3,6.4
25 - 74 years,2015M09,158.2,102.7,55.5,8,9.4,6.3
25 - 74 years,2015M10,160.2,104.4,55.8,8.1,9.6,6.3
25 - 74 years,2015M11,160.1,105.2,54.9,8.1,9.7,6.2
25 - 74 years,2015M12,158,104.1,53.9,8,9.6,6.1
25 - 74 years,2016M01,151.1,99.1,52,7.7,9.1,5.9
25 - 74 years,2016M02,147.9,96.7,51.2,7.5,8.9,5.8
25 - 74 years,2016M03,146.6,94.9,51.7,7.4,8.7,5.8
25 - 74 years,2016M04,146.7,93.5,53.2,7.4,8.6,6
25 - 74 years,2016M05,145.8,92.5,53.3,7.4,8.5,6
25 - 74 years,2016M06,144.3,90.9,53.3,7.3,8.4,6
25 - 74 years,2016M07,140.7,89.7,51,7.1,8.2,5.7
25 - 74 years,2016M08,137.7,87.5,50.2,6.9,8,5.6
25 - 74 years,2016M09,130.4,82.4,48.1,6.6,7.6,5.4
25 - 74 years,2016M10,124.5,77.1,47.4,6.3,7.1,5.3
25 - 74 years,2016M11,121.4,73.9,47.5,6.1,6.8,5.3
25 - 74 years,2016M12,120.9,73.2,47.7,6.1,6.7,5.3
25 - 74 years,2017M01,121.8,73.9,47.8,6.1,6.7,5.3
25 - 74 years,2017M02,122.3,74.5,47.8,6.1,6.8,5.3
25 - 74 years,2017M03,120.6,73.3,47.3,6,6.7,5.2
25 - 74 years,2017M04,117.8,72.5,45.3,5.9,6.6,5
25 - 74 years,2017M05,116.7,71.9,44.8,5.8,6.5,5
25 - 74 years,2017M06,115.4,71.2,44.2,5.8,6.5,4.9
